date,station,city,t2m,rh,precip,wind
2025-01-01,BJ,北京,-1.4,75.3,4.0,1.2
2025-01-01,GZ,广州,12.5,83.5,0.8,4.9
2025-01-01,NJ,南京,-0.1,82.6,1.9,4.4
2025-01-01,SH,上海,5.2,79.6,2.5,5.2
2025-01-02,BJ,北京,-3.1,65.6,0.9,5.6
2025-01-02,GZ,广州,17.7,73.0,4.4,3.3
2025-01-02,NJ,南京,-0.0,67.2,3.2,3.3
2025-01-02,SH,上海,6.4,69.6,-999.0,2.4
2025-01-03,BJ,北京,-1.1,79.4,4.2,4.0
2025-01-03,GZ,广州,17.5,73.3,0.1,3.0
2025-01-03,NJ,南京,3.7,76.1,2.9,2.7
2025-01-03,SH,上海,5.6,69.9,3.2,5.7
2025-01-04,BJ,北京,-4.2,71.2,1.6,1.5
2025-01-04,GZ,广州,14.0,92.7,1.6,3.6
2025-01-04,NJ,南京,2.2,71.8,0.6,2.2
2025-01-04,SH,上海,7.8,77.0,10.1,2.1
2025-01-05,BJ,北京,-1.0,66.2,8.1,4.5
2025-01-05,GZ,广州,12.6,70.5,0.1,2.3
2025-01-05,NJ,南京,5.2,68.1,1.8,0.6
2025-01-05,SH,上海,4.7,75.2,2.2,4.2
2025-01-06,BJ,北京,-2.3,82.3,3.7,4.8
2025-01-06,GZ,广州,13.6,75.3,9.4,4.1
2025-01-06,NJ,南京,4.6,81.3,0.0,2.2
2025-01-06,SH,上海,2.7,64.2,5.2,4.1
2025-01-07,BJ,北京,0.8,75.6,5.4,7.1
2025-01-07,GZ,广州,13.7,71.2,0.2,3.0
2025-01-07,NJ,南京,6.7,77.2,1.9,4.2
2025-01-07,SH,上海,1.5,75.2,1.9,2.7
2025-01-08,BJ,北京,-2.9,76.5,6.0,2.9
2025-01-08,GZ,广州,16.7,63.5,4.9,2.6
2025-01-08,NJ,南京,3.6,76.3,5.1,3.7
2025-01-08,SH,上海,4.2,76.0,2.9,3.3
2025-01-09,BJ,北京,-3.9,83.7,4.6,2.3
2025-01-09,GZ,广州,18.1,70.1,3.6,1.7
2025-01-09,NJ,南京,2.4,80.0,4.5,3.0
2025-01-09,SH,上海,7.0,82.8,4.8,3.7
2025-01-10,BJ,北京,0.4,85.6,4.0,3.2
2025-01-10,GZ,广州,15.9,72.9,1.4,3.9
2025-01-10,NJ,南京,4.5,77.3,1.0,1.6
2025-01-10,SH,上海,7.2,68.1,0.2,2.0
2025-01-11,BJ,北京,3.6,59.7,10.9,0.9
2025-01-11,GZ,广州,13.1,73.5,1.4,3.7
2025-01-11,NJ,南京,3.6,64.1,3.0,3.0
2025-01-11,SH,上海,4.0,78.2,6.6,3.4
2025-01-12,BJ,北京,3.4,67.3,6.3,4.2
2025-01-12,GZ,广州,17.4,73.0,12.0,4.3
2025-01-12,NJ,南京,8.4,62.9,3.4,3.3
2025-01-12,SH,上海,10.5,59.4,0.1,2.6
2025-01-13,BJ,北京,-3.5,70.1,1.2,3.8
2025-01-13,GZ,广州,18.5,51.5,8.0,3.4
2025-01-13,NJ,南京,4.6,76.4,1.4,2.1
2025-01-13,SH,上海,8.0,64.4,2.3,2.3
2025-01-14,BJ,北京,0.3,67.0,0.6,0.4
2025-01-14,GZ,广州,18.4,83.4,6.5,4.5
2025-01-14,NJ,南京,4.5,81.5,-999.0,4.2
2025-01-14,SH,上海,5.8,75.1,1.4,4.1
2025-01-15,BJ,北京,0.3,91.8,0.2,4.7
2025-01-15,GZ,广州,14.2,59.3,7.4,3.4
2025-01-15,NJ,南京,2.3,68.8,0.3,3.0
2025-01-15,SH,上海,8.9,71.3,5.4,1.6
2025-01-16,BJ,北京,0.5,83.5,3.5,3.5
2025-01-16,GZ,广州,13.6,78.6,2.7,1.7
2025-01-16,NJ,南京,7.9,78.5,5.2,4.1
2025-01-16,SH,上海,6.1,82.1,2.2,2.1
2025-01-17,BJ,北京,-0.9,75.1,4.2,3.6
2025-01-17,GZ,广州,18.9,73.9,4.0,3.9
2025-01-17,NJ,南京,2.6,80.6,18.3,5.5
2025-01-17,SH,上海,10.4,80.1,7.4,0.8
2025-01-18,BJ,北京,-2.6,81.9,0.6,2.2
2025-01-18,GZ,广州,18.6,77.1,7.2,3.0
2025-01-18,NJ,南京,6.4,73.9,8.0,3.5
2025-01-18,SH,上海,13.8,63.8,2.3,1.9
2025-01-19,BJ,北京,1.6,74.6,5.5,1.5
2025-01-19,GZ,广州,17.9,78.2,3.9,1.9
2025-01-19,NJ,南京,5.1,77.1,0.0,5.2
2025-01-19,SH,上海,10.1,72.8,1.6,4.9
2025-01-20,BJ,北京,-0.5,76.7,4.5,3.3
2025-01-20,GZ,广州,17.5,71.2,5.7,4.3
2025-01-20,NJ,南京,8.8,74.8,5.8,1.8
2025-01-20,SH,上海,9.2,70.6,1.2,4.5
2025-01-21,BJ,北京,2.2,79.6,2.3,0.8
2025-01-21,GZ,广州,17.3,65.6,6.7,4.0
2025-01-21,NJ,南京,4.2,75.8,2.4,3.2
2025-01-21,SH,上海,9.3,71.5,2.9,2.9
2025-01-22,BJ,北京,0.6,71.0,1.7,1.9
2025-01-22,GZ,广州,16.7,65.9,2.3,3.7
2025-01-22,NJ,南京,3.1,80.6,2.4,3.2
2025-01-22,SH,上海,6.2,71.9,3.6,3.0
2025-01-23,BJ,北京,2.7,55.6,2.8,3.2
2025-01-23,GZ,广州,19.6,54.4,1.0,1.6
2025-01-23,NJ,南京,6.9,60.6,4.8,2.7
2025-01-23,SH,上海,9.6,70.5,13.0,5.3
2025-01-24,BJ,北京,-2.0,70.4,0.4,2.6
2025-01-24,GZ,广州,20.2,79.6,4.2,3.5
2025-01-24,NJ,南京,5.6,73.1,2.2,2.4
2025-01-24,SH,上海,7.8,66.0,0.4,4.2
2025-01-25,BJ,北京,0.4,80.4,2.8,2.8
2025-01-25,GZ,广州,21.0,72.0,1.9,2.7
2025-01-25,NJ,南京,7.7,68.2,1.6,2.7
2025-01-25,SH,上海,11.7,68.6,3.4,3.0
2025-01-26,BJ,北京,2.4,78.8,6.3,4.3
2025-01-26,GZ,广州,20.3,62.2,9.4,2.8
2025-01-26,NJ,南京,4.3,73.3,1.9,4.5
2025-01-26,SH,上海,6.8,81.7,4.0,3.5
2025-01-27,BJ,北京,5.3,60.4,0.0,2.2
2025-01-27,GZ,广州,18.1,76.3,5.4,3.6
2025-01-27,NJ,南京,7.0,66.8,5.3,2.7
2025-01-27,SH,上海,6.3,82.8,3.7,2.7
2025-01-28,BJ,北京,4.9,74.7,16.7,2.7
2025-01-28,GZ,广州,15.0,79.3,0.4,4.0
2025-01-28,NJ,南京,5.5,86.5,1.0,2.4
2025-01-28,SH,上海,6.2,62.3,2.6,3.6
2025-01-29,BJ,北京,5.7,75.6,1.1,3.0
2025-01-29,GZ,广州,20.5,72.2,1.6,3.9
2025-01-29,NJ,南京,5.3,82.1,2.4,2.0
2025-01-29,SH,上海,9.8,87.4,7.6,2.4
2025-01-30,BJ,北京,2.5,70.2,6.1,2.2
2025-01-30,GZ,广州,15.7,71.5,4.6,2.7
2025-01-30,NJ,南京,7.2,57.8,1.5,3.4
2025-01-30,SH,上海,7.8,80.0,0.3,2.2
2025-01-31,BJ,北京,4.6,60.4,6.5,4.3
2025-01-31,GZ,广州,18.9,65.0,4.9,2.3
2025-01-31,NJ,南京,4.9,70.6,2.1,2.6
2025-01-31,SH,上海,8.6,71.7,1.8,2.9
2025-02-01,BJ,北京,1.0,70.2,8.1,4.2
2025-02-01,GZ,广州,15.6,48.6,1.6,3.2
2025-02-01,NJ,南京,4.5,60.3,2.0,3.2
2025-02-01,SH,上海,12.4,71.9,4.7,4.1
2025-02-02,BJ,北京,2.9,64.5,2.0,4.1
2025-02-02,GZ,广州,18.7,77.4,0.6,2.3
2025-02-02,NJ,南京,8.3,73.3,1.2,3.8
2025-02-02,SH,上海,7.6,66.5,3.6,1.2
2025-02-03,BJ,北京,5.7,68.5,8.1,2.9
2025-02-03,GZ,广州,22.9,70.5,0.7,1.7
2025-02-03,NJ,南京,8.8,70.5,16.2,2.1
2025-02-03,SH,上海,12.0,74.9,0.4,4.1
2025-02-04,BJ,北京,4.5,75.8,3.6,4.0
2025-02-04,GZ,广州,18.9,82.9,3.2,4.8
2025-02-04,NJ,南京,9.9,73.4,6.1,3.4
2025-02-04,SH,上海,13.4,72.4,0.3,2.5
2025-02-05,BJ,北京,3.3,66.5,3.6,3.3
2025-02-05,GZ,广州,20.6,77.6,0.5,3.8
2025-02-05,NJ,南京,7.6,54.5,5.2,2.7
2025-02-05,SH,上海,10.2,76.2,6.9,4.1
2025-02-06,BJ,北京,0.6,77.7,6.8,3.3
2025-02-06,GZ,广州,20.1,61.2,7.9,2.6
2025-02-06,NJ,南京,9.1,60.5,2.9,2.2
2025-02-06,SH,上海,8.2,61.8,7.0,5.1
2025-02-07,BJ,北京,3.5,80.3,0.9,4.5
2025-02-07,GZ,广州,19.9,74.1,3.6,2.1
2025-02-07,NJ,南京,12.9,67.8,8.1,3.0
2025-02-07,SH,上海,15.0,64.5,6.9,1.0
2025-02-08,BJ,北京,3.9,78.9,0.3,4.8
2025-02-08,GZ,广州,20.8,69.3,0.5,3.1
2025-02-08,NJ,南京,6.8,60.7,2.3,5.1
2025-02-08,SH,上海,8.8,81.6,4.9,2.6
2025-02-09,BJ,北京,3.2,68.0,3.2,4.0
2025-02-09,GZ,广州,20.2,67.8,4.6,3.0
2025-02-09,NJ,南京,7.5,83.6,5.1,4.7
2025-02-09,SH,上海,9.4,57.5,1.2,4.6
2025-02-10,BJ,北京,1.3,78.9,0.3,3.3
2025-02-10,GZ,广州,22.4,65.9,3.3,3.5
2025-02-10,NJ,南京,7.8,77.7,0.1,1.6
2025-02-10,SH,上海,11.0,71.8,4.9,3.0
2025-02-11,BJ,北京,3.7,75.9,5.5,3.1
2025-02-11,GZ,广州,18.3,75.6,-999.0,4.3
2025-02-11,NJ,南京,8.1,83.0,0.3,4.4
2025-02-11,SH,上海,12.1,67.3,6.0,4.2
2025-02-12,BJ,北京,3.3,63.6,0.5,2.7
2025-02-12,GZ,广州,16.3,66.0,2.8,5.3
2025-02-12,NJ,南京,7.2,72.7,8.0,1.0
2025-02-12,SH,上海,10.8,83.9,2.3,3.2
2025-02-13,BJ,北京,2.8,65.2,2.1,5.0
2025-02-13,GZ,广州,18.6,60.9,1.0,3.7
2025-02-13,NJ,南京,13.3,61.0,4.1,3.6
2025-02-13,SH,上海,11.8,59.7,0.8,2.7
2025-02-14,BJ,北京,5.0,60.9,1.2,3.0
2025-02-14,GZ,广州,19.9,65.9,11.8,1.7
2025-02-14,NJ,南京,5.5,79.5,1.5,3.5
2025-02-14,SH,上海,11.1,66.4,4.8,6.4
2025-02-15,BJ,北京,7.3,83.4,6.9,4.8
2025-02-15,GZ,广州,22.8,65.8,-999.0,4.0
2025-02-15,NJ,南京,14.3,57.2,1.7,4.4
2025-02-15,SH,上海,8.6,66.0,8.9,3.0
2025-02-16,BJ,北京,2.1,68.5,3.3,1.9
2025-02-16,GZ,广州,21.5,80.9,1.6,3.6
2025-02-16,NJ,南京,10.2,76.0,0.1,3.6
2025-02-16,SH,上海,12.2,73.1,1.7,0.3
2025-02-17,BJ,北京,9.3,75.4,1.6,2.4
2025-02-17,GZ,广州,21.4,67.7,1.7,2.2
2025-02-17,NJ,南京,10.9,74.9,1.9,2.7
2025-02-17,SH,上海,10.4,70.2,2.4,3.9
2025-02-18,BJ,北京,5.1,75.5,0.5,3.4
2025-02-18,GZ,广州,20.3,74.8,0.8,3.7
2025-02-18,NJ,南京,12.0,64.3,4.8,3.9
2025-02-18,SH,上海,10.2,85.6,0.0,2.4
2025-02-19,BJ,北京,3.3,79.7,4.6,2.8
2025-02-19,GZ,广州,23.5,65.9,2.4,1.5
2025-02-19,NJ,南京,9.0,64.0,0.3,2.0
2025-02-19,SH,上海,11.4,68.4,1.0,3.3
2025-02-20,BJ,北京,2.6,76.6,-999.0,3.2
2025-02-20,GZ,广州,25.1,66.1,9.5,4.3
2025-02-20,NJ,南京,11.4,57.0,5.2,1.2
2025-02-20,SH,上海,14.3,54.0,0.6,3.7
2025-02-21,BJ,北京,5.4,66.2,1.8,2.0
2025-02-21,GZ,广州,22.2,74.7,1.6,4.0
2025-02-21,NJ,南京,11.9,60.8,-999.0,3.7
2025-02-21,SH,上海,13.7,62.9,2.2,2.0
2025-02-22,BJ,北京,7.4,63.1,4.9,1.0
2025-02-22,GZ,广州,21.0,73.0,2.4,3.4
2025-02-22,NJ,南京,10.9,77.4,0.7,3.2
2025-02-22,SH,上海,12.9,55.2,-999.0,3.2
2025-02-23,BJ,北京,4.5,67.4,1.6,4.0
2025-02-23,GZ,广州,22.8,71.5,1.5,3.1
2025-02-23,NJ,南京,10.9,76.7,-999.0,4.5
2025-02-23,SH,上海,11.3,70.8,1.7,2.6
2025-02-24,BJ,北京,6.5,63.9,0.5,4.3
2025-02-24,GZ,广州,18.7,72.7,3.0,4.0
2025-02-24,NJ,南京,12.1,70.0,0.2,4.3
2025-02-24,SH,上海,13.8,58.2,3.2,4.2
2025-02-25,BJ,北京,9.9,68.8,9.0,3.9
2025-02-25,GZ,广州,20.9,65.6,1.1,2.5
2025-02-25,NJ,南京,8.7,79.7,0.1,3.2
2025-02-25,SH,上海,10.1,68.4,3.6,2.6
2025-02-26,BJ,北京,7.7,66.1,5.4,3.8
2025-02-26,GZ,广州,19.1,72.2,-999.0,3.0
2025-02-26,NJ,南京,10.6,71.3,5.6,4.2
2025-02-26,SH,上海,13.4,60.2,0.2,4.6
2025-02-27,BJ,北京,6.8,65.2,0.1,5.6
2025-02-27,GZ,广州,23.0,86.6,-999.0,2.8
2025-02-27,NJ,南京,9.7,86.0,2.3,3.1
2025-02-27,SH,上海,14.8,66.2,2.4,4.9
2025-02-28,BJ,北京,2.1,71.0,0.9,6.0
2025-02-28,GZ,广州,22.7,76.9,0.8,0.3
2025-02-28,NJ,南京,7.0,76.9,2.2,2.8
2025-02-28,SH,上海,13.9,74.9,3.3,2.5
2025-03-01,BJ,北京,6.1,63.6,4.6,4.4
2025-03-01,GZ,广州,21.1,70.1,6.0,3.0
2025-03-01,NJ,南京,11.0,77.9,5.9,6.2
2025-03-01,SH,上海,11.2,71.6,0.7,3.0
2025-03-02,BJ,北京,6.3,85.7,1.7,5.2
2025-03-02,GZ,广州,25.4,76.0,2.5,1.2
2025-03-02,NJ,南京,9.6,84.5,2.1,2.7
2025-03-02,SH,上海,13.2,68.8,8.6,2.9
2025-03-03,BJ,北京,9.2,52.5,3.1,2.5
2025-03-03,GZ,广州,24.8,66.9,9.5,4.4
2025-03-03,NJ,南京,11.3,66.5,10.4,2.0
2025-03-03,SH,上海,15.3,64.4,1.0,5.2
2025-03-04,BJ,北京,9.1,71.9,1.1,4.4
2025-03-04,GZ,广州,19.7,63.6,0.4,5.1
2025-03-04,NJ,南京,10.7,53.2,4.9,3.0
2025-03-04,SH,上海,13.4,70.9,-999.0,1.9
2025-03-05,BJ,北京,8.5,58.3,0.4,3.6
2025-03-05,GZ,广州,24.1,69.7,0.2,3.9
2025-03-05,NJ,南京,10.8,76.9,4.2,3.2
2025-03-05,SH,上海,12.9,73.9,1.4,4.1
2025-03-06,BJ,北京,10.0,67.8,7.3,3.0
2025-03-06,GZ,广州,23.4,78.3,0.3,3.3
2025-03-06,NJ,南京,11.7,75.8,5.9,1.8
2025-03-06,SH,上海,13.8,77.5,12.1,3.3
2025-03-07,BJ,北京,11.5,65.3,0.3,1.8
2025-03-07,GZ,广州,19.7,67.6,3.7,1.1
2025-03-07,NJ,南京,9.8,64.9,2.4,3.2
2025-03-07,SH,上海,14.5,57.7,4.4,3.5
2025-03-08,BJ,北京,8.0,70.5,0.3,4.6
2025-03-08,GZ,广州,22.7,66.2,3.9,2.5
2025-03-08,NJ,南京,12.9,64.8,0.7,5.1
2025-03-08,SH,上海,16.3,80.4,0.7,2.7
2025-03-09,BJ,北京,6.5,51.6,0.8,5.1
2025-03-09,GZ,广州,24.1,72.8,4.6,2.6
2025-03-09,NJ,南京,11.3,71.8,12.9,3.4
2025-03-09,SH,上海,15.6,66.6,-999.0,2.1
2025-03-10,BJ,北京,9.1,79.3,0.3,1.6
2025-03-10,GZ,广州,23.6,65.4,1.6,4.9
2025-03-10,NJ,南京,11.2,82.6,5.7,3.2
2025-03-10,SH,上海,15.0,74.1,2.3,5.6
2025-03-11,BJ,北京,8.1,74.5,-999.0,1.4
2025-03-11,GZ,广州,23.4,64.8,7.3,3.0
2025-03-11,NJ,南京,12.4,74.7,9.5,3.1
2025-03-11,SH,上海,13.8,64.1,5.8,2.6
2025-03-12,BJ,北京,4.8,61.8,0.3,3.9
2025-03-12,GZ,广州,21.1,74.1,3.7,1.0
2025-03-12,NJ,南京,11.7,78.6,10.9,5.1
2025-03-12,SH,上海,14.6,69.0,5.4,3.3
2025-03-13,BJ,北京,7.3,80.4,-999.0,3.8
2025-03-13,GZ,广州,26.4,67.6,8.0,2.7
2025-03-13,NJ,南京,14.4,68.7,0.8,2.1
2025-03-13,SH,上海,16.7,59.9,2.8,2.7
2025-03-14,BJ,北京,2.6,63.3,2.0,2.7
2025-03-14,GZ,广州,25.1,62.5,2.1,2.7
2025-03-14,NJ,南京,16.6,63.5,2.0,3.6
2025-03-14,SH,上海,14.9,70.8,2.7,2.1
2025-03-15,BJ,北京,9.7,63.7,2.5,3.4
2025-03-15,GZ,广州,19.8,74.8,0.2,4.9
2025-03-15,NJ,南京,12.5,65.4,1.5,1.3
2025-03-15,SH,上海,16.2,69.3,0.3,0.6
2025-03-16,BJ,北京,5.0,63.6,3.3,2.6
2025-03-16,GZ,广州,27.4,55.2,2.9,4.0
2025-03-16,NJ,南京,17.9,61.0,2.1,2.7
2025-03-16,SH,上海,13.6,72.0,2.5,3.2
2025-03-17,BJ,北京,9.8,70.8,5.9,3.4
2025-03-17,GZ,广州,22.6,55.1,4.8,3.2
2025-03-17,NJ,南京,14.0,68.1,3.1,4.3
2025-03-17,SH,上海,14.5,72.5,1.0,1.6
2025-03-18,BJ,北京,9.3,68.5,9.1,3.1
2025-03-18,GZ,广州,24.3,66.1,5.3,1.4
2025-03-18,NJ,南京,10.0,72.5,3.1,4.1
2025-03-18,SH,上海,14.2,76.5,1.3,6.3
2025-03-19,BJ,北京,10.0,62.0,0.9,3.2
2025-03-19,GZ,广州,24.7,60.7,0.0,1.5
2025-03-19,NJ,南京,16.9,78.6,0.8,4.9
2025-03-19,SH,上海,16.6,72.1,0.4,4.2
2025-03-20,BJ,北京,5.4,59.7,0.1,2.6
2025-03-20,GZ,广州,24.6,73.2,2.3,5.5
2025-03-20,NJ,南京,15.2,85.1,0.4,4.1
2025-03-20,SH,上海,15.6,69.3,5.5,4.1
2025-03-21,BJ,北京,8.9,62.8,5.1,6.0
2025-03-21,GZ,广州,23.8,71.6,3.8,2.2
2025-03-21,NJ,南京,13.0,72.7,3.2,3.7
2025-03-21,SH,上海,14.5,75.2,9.2,2.0
2025-03-22,BJ,北京,6.3,74.8,2.6,2.6
2025-03-22,GZ,广州,24.6,65.8,0.4,3.0
2025-03-22,NJ,南京,14.8,70.0,0.7,3.2
2025-03-22,SH,上海,14.9,63.4,3.1,2.3
2025-03-23,BJ,北京,7.6,68.6,2.2,4.2
2025-03-23,GZ,广州,25.5,75.6,25.0,4.1
2025-03-23,NJ,南京,15.1,70.2,1.4,0.2
2025-03-23,SH,上海,16.5,68.2,6.7,5.1
2025-03-24,BJ,北京,11.7,65.3,0.6,3.0
2025-03-24,GZ,广州,23.2,67.6,0.7,3.5
2025-03-24,NJ,南京,11.8,65.6,0.0,3.9
2025-03-24,SH,上海,17.7,67.1,1.7,2.9
2025-03-25,BJ,北京,10.6,75.9,3.3,4.9
2025-03-25,GZ,广州,19.4,62.3,0.4,2.8
2025-03-25,NJ,南京,15.8,72.5,5.3,3.5
2025-03-25,SH,上海,19.5,73.7,0.9,2.5
2025-03-26,BJ,北京,8.1,74.1,3.3,2.7
2025-03-26,GZ,广州,23.0,67.1,0.7,3.9
2025-03-26,NJ,南京,11.1,76.5,0.1,2.8
2025-03-26,SH,上海,20.3,64.8,0.8,3.8
2025-03-27,BJ,北京,8.2,69.5,0.3,4.7
2025-03-27,GZ,广州,25.7,61.4,0.7,4.4
2025-03-27,NJ,南京,14.5,65.0,4.2,4.5
2025-03-27,SH,上海,17.8,61.8,0.3,4.2
2025-03-28,BJ,北京,10.4,65.6,3.6,4.2
2025-03-28,GZ,广州,30.3,69.7,10.0,4.7
2025-03-28,NJ,南京,16.0,67.5,0.1,3.2
2025-03-28,SH,上海,10.7,65.4,1.6,2.8
2025-03-29,BJ,北京,9.2,65.6,0.7,3.9
2025-03-29,GZ,广州,28.3,59.9,2.2,5.1
2025-03-29,NJ,南京,10.6,81.5,4.6,2.0
2025-03-29,SH,上海,12.7,57.5,0.2,5.1
2025-03-30,BJ,北京,12.9,71.6,1.7,4.9
2025-03-30,GZ,广州,22.2,66.3,20.8,3.6
2025-03-30,NJ,南京,14.2,72.0,2.6,4.5
2025-03-30,SH,上海,17.8,55.7,1.0,4.9
2025-03-31,BJ,北京,12.6,53.3,3.9,5.1
2025-03-31,GZ,广州,26.8,63.7,1.8,0.7
2025-03-31,NJ,南京,17.8,67.9,2.3,3.9
2025-03-31,SH,上海,9.9,62.3,1.4,3.1
